{"scale": 1e-30, "out": [0.3809770941734314, -0.49184513092041016, -0.10282295942306519, 0.45196807384490967, -0.1943945586681366, 0.12092167139053345]}