{"scale": 1e-30, "out": [-0.3482586443424225, 0.4080147445201874, 0.12476931512355804, -0.3642651438713074, 0.5781152248382568, 0.15960420668125153]}