{"scale": 1e-30, "out": [0.4210437536239624, -0.36854344606399536, 0.5936936736106873, 0.42138373851776123, -0.36896735429763794, 0.5940132141113281]}